context_size,prompt_tokens,generation_tokens,prompt_time,prompt_eval_duration,time_to_first_token,eval_duration,total_time,prompt_tps,generation_tps,wall_time
1k,1078,186,2.248836,2.248836,2.2554221153259277,14.188322,16.44377851486206,479.35909955194603,13.10937262348571,16.44377851486206
2k,2096,200,3.529013,3.529013,3.544917345046997,15.913126,19.459490537643433,593.9337712839256,12.568240834641792,19.459490537643433
4k,4079,200,4.687061,4.687061,4.72135329246521,13.375199,18.09805679321289,870.2681701816981,14.953048549034673,18.09805679321289
8k,8061,200,8.777391,8.777391,8.832565069198608,18.031710999999998,26.870049238204956,918.3822390958771,11.0915708442754,26.870049238204956
16k,16126,200,17.285341,17.285341,17.348560571670532,14.622879999999999,31.976993083953857,932.9292375545267,13.677196284179315,31.976993083953857
32k,32091,200,35.021086000000004,35.021086000000004,35.10288119316101,18.137848,53.26176381111145,916.3336625254852,11.026666449073781,53.26176381111145
64k,63981,200,77.860473,77.860473,78.03131556510925,17.808495999999998,95.90848636627197,821.739164107056,11.230594655494771,95.90848636627197
128k,127994,200,197.287367,197.287367,197.62024807929993,16.747332999999998,214.5430769920349,648.769365957426,11.942199990888103,214.5430769920349
